VUE CALENDRIER - MODÈLE MENSUEL,,,,,,,,,,,
,,,,,,,,,,,
,Mois (1-12):,1,,,,,,,,,,
,Année:,2024,,,,,,,,,,
,,,,,,,,,,,
JANVIER 2024,,,,,,,,,,,,
Lun,Mar,Mer,Jeu,Ven,Sam,Dim,Totaux Hebdo,,TOTAUX MENSUELS,,
,,,,,,,,,,,,
1,2,3,4,5,6,7,Trades : X,,Janvier 2024,,
Trades : X,Trades : X,Trades : X,Trades : X,Trades : X,Trades : X,Trades : X,P/L : X €,,──────────────,,
P/L : X €,P/L : X €,P/L : X €,P/L : X €,P/L : X €,P/L : X €,P/L : X €,,,Total trades :,X,
,,,,,,,,,Total P/L :,X €,
8,9,10,11,12,13,14,Trades : X,,Performance :,🟢 / 🔴 / ⚪,
Trades : X,Trades : X,Trades : X,Trades : X,Trades : X,Trades : X,Trades : X,P/L : X €,,,,
P/L : X €,P/L : X €,P/L : X €,P/L : X €,P/L : X €,P/L : X €,P/L : X €,,,,,,
,,,,,,,,,,,,,
15,16,17,18,19,20,21,Trades : X,,,,
Trades : X,Trades : X,Trades : X,Trades : X,Trades : X,Trades : X,Trades : X,P/L : X €,,,,
P/L : X €,P/L : X €,P/L : X €,P/L : X €,P/L : X €,P/L : X €,P/L : X €,,,,,,
,,,,,,,,,,,,,
22,23,24,25,26,27,28,Trades : X,,,,
Trades : X,Trades : X,Trades : X,Trades : X,Trades : X,Trades : X,Trades : X,P/L : X €,,,,
P/L : X €,P/L : X €,P/L : X €,P/L : X €,P/L : X €,P/L : X €,P/L : X €,,,,,,
,,,,,,,,,,,,,
29,30,31,,,,,Trades : X,,,,
Trades : X,Trades : X,Trades : X,,,,, P/L : X €,,,,
P/L : X €,P/L : X €,P/L : X €,,,,,,,,,,
,,,,,,,,,,,,,
LÉGENDE,,,,,,,,,,,,
🟩 = Jour gagnant (P/L > 0),,,,,,,,,,,,
🟥 = Jour perdant (P/L < 0),,,,,,,,,,,,
⬜ = Pas de trade,,,,,,,,,,,,
🔲 = Week-end (Sam/Dim),,,,,,,,,,,,
